{"cameraMode":{"drawMode":0,"name":"Shaded","section":"Shading Mode"},"sceneLighting":true,"audioPlay":false,"sceneViewState":{"m_AlwaysRefresh":false,"showFog":true,"showSkybox":true,"showFlares":true,"showImageEffects":true,"showParticleSystems":true,"showVisualEffectGraphs":true,"m_FxEnabled":true},"in2DMode":false,"pivot":{"x":5.07276725769043,"y":3.8735430240631105,"z":5.9803314208984379},"rotation":{"x":0.06532923132181168,"y":-0.9303626418113709,"z":0.29731234908103945,"w":0.20442664623260499},"size":2.363682270050049,"orthographic":false}