{"cameraMode":{"drawMode":0,"name":"Shaded","section":"Shading Mode"},"sceneLighting":false,"audioPlay":false,"sceneViewState":{"m_AlwaysRefresh":false,"showFog":true,"showSkybox":false,"showFlares":true,"showImageEffects":true,"showParticleSystems":true,"showVisualEffectGraphs":true,"m_FxEnabled":true},"in2DMode":false,"pivot":{"x":3.0891571044921877,"y":-1.2552149295806885,"z":6.34527587890625},"rotation":{"x":0.04529392346739769,"y":-0.0030017057433724405,"z":0.0001360970054520294,"w":0.9989781379699707},"size":353.55340576171877,"orthographic":false}